{"Index":0,"Min":0.045626241713762283,"Max":0.050626240670681}
{"Index":1,"Min":0.061595413833856583,"Max":0.065595418214797974}
{"Index":2,"Min":0.046179961413145065,"Max":0.05117996409535408}
{"Index":3,"Min":0.062880098819732666,"Max":0.066880099475383759}
{"Index":4,"Min":0.083493977785110474,"Max":0.087493978440761566}
{"Index":5,"Min":0.0870208740234375,"Max":0.09302087128162384}
{"Index":6,"Min":0.0224441047757864,"Max":0.026444105431437492}
{"Index":7,"Min":0.030289491638541222,"Max":0.034289494156837463}
{"Index":8,"Min":0.028622021898627281,"Max":0.033622022718191147}
{"Index":9,"Min":0.040341701358556747,"Max":0.04434170201420784}
{"Index":10,"Min":0.039881061762571335,"Max":0.04488106444478035}
{"Index":11,"Min":0.040141459554433823,"Max":0.045141458511352539}
{"Index":12,"Min":0.023149752989411354,"Max":0.026149751618504524}
{"Index":13,"Min":0.03223598375916481,"Max":0.034235984086990356}
{"Index":14,"Min":0.054921481758356094,"Max":0.058921482414007187}
{"Index":15,"Min":0.04044950008392334,"Max":0.045449499040842056}
{"Index":16,"Min":0.073395587503910065,"Max":0.077395588159561157}
{"Index":17,"Min":0.04756578803062439,"Max":0.051565788686275482}
{"Index":18,"Min":0.041415620595216751,"Max":0.045415621250867844}
{"Index":19,"Min":0.051591206341981888,"Max":0.05559120699763298}
{"Index":20,"Min":0.020219210535287857,"Max":0.025219211354851723}
{"Index":21,"Min":0.0053008850663900375,"Max":0.00930088572204113}
{"Index":22,"Min":0.025857385247945786,"Max":0.028857385739684105}
{"Index":23,"Min":0.054543506354093552,"Max":0.058543507009744644}
{"Index":24,"Min":0.077429778873920441,"Max":0.081429779529571533}
{"Index":25,"Min":0.020142396911978722,"Max":0.024142397567629814}
{"Index":26,"Min":0.094170816242694855,"Max":0.09917081892490387}
{"Index":27,"Min":0.061196696013212204,"Max":0.0651967003941536}
{"Index":28,"Min":0.049581427127122879,"Max":0.053581427782773972}
{"Index":29,"Min":0.068519197404384613,"Max":0.0725191980600357}
{"Index":30,"Min":0.042179662734270096,"Max":0.047179665416479111}
{"Index":31,"Min":0.028451975435018539,"Max":0.032451976090669632}
{"Index":32,"Min":0.04930422455072403,"Max":0.053304225206375122}
{"Index":33,"Min":0.0227366890758276,"Max":0.026736689731478691}
{"Index":34,"Min":0.071161113679409027,"Max":0.07516111433506012}
{"Index":35,"Min":0.043765716254711151,"Max":0.048765718936920166}
{"Index":36,"Min":0.047821249812841415,"Max":0.051821250468492508}
{"Index":37,"Min":0.052391406148672104,"Max":0.0563914030790329}
{"Index":38,"Min":0.04171324148774147,"Max":0.045713242143392563}
{"Index":39,"Min":0.021229656413197517,"Max":0.026229657232761383}
{"Index":40,"Min":0.025215828791260719,"Max":0.029215829446911812}
{"Index":41,"Min":0.0052881184965372086,"Max":0.010288119316101074}
{"Index":42,"Min":0.092484541237354279,"Max":0.096484541893005371}
{"Index":43,"Min":0.024846531450748444,"Max":0.027846531942486763}
{"Index":44,"Min":0.061347797513008118,"Max":0.06534779816865921}
{"Index":45,"Min":0.069215185940265656,"Max":0.073215186595916748}
{"Index":46,"Min":0.05016307532787323,"Max":0.054163075983524323}
{"Index":47,"Min":0.0438772588968277,"Max":0.048877261579036713}
{"Index":48,"Min":0.049734096974134445,"Max":0.053734097629785538}
{"Index":49,"Min":0.028475891798734665,"Max":0.033475890755653381}
{"Index":50,"Min":0.10673275589942932,"Max":0.11073275655508041}
{"Index":51,"Min":0.081452988088130951,"Max":0.085452988743782043}
{"Index":52,"Min":0.069211721420288086,"Max":0.073211722075939178}
{"Index":53,"Min":0.087827764451503754,"Max":0.092827767133712769}
{"Index":54,"Min":0.060486428439617157,"Max":0.06448642909526825}
{"Index":55,"Min":0.048470236361026764,"Max":0.052470237016677856}
{"Index":56,"Min":0.066972680389881134,"Max":0.07097267359495163}
{"Index":57,"Min":0.082723796367645264,"Max":0.0887238010764122}
{"Index":58,"Min":0.091049566864967346,"Max":0.096049569547176361}
{"Index":59,"Min":0.0711401104927063,"Max":0.076140113174915314}
{"Index":60,"Min":0.066295281052589417,"Max":0.070295281708240509}
{"Index":61,"Min":0.069482602179050446,"Max":0.07448260486125946}
{"Index":62,"Min":0.051029909402132034,"Max":0.056029912084341049}
{"Index":63,"Min":0.014610513113439083,"Max":0.0186105128377676}
{"Index":64,"Min":0.013292035087943077,"Max":0.01729203574359417}
{"Index":65,"Min":0.05055362731218338,"Max":0.053553629666566849}
{"Index":66,"Min":0.042033351957798004,"Max":0.0460333526134491}
{"Index":67,"Min":0.042901456356048584,"Max":0.046901457011699677}
{"Index":68,"Min":0.027555117383599281,"Max":0.031555119901895523}
{"Index":69,"Min":0.050982460379600525,"Max":0.054982457309961319}
{"Index":70,"Min":0.038892406970262527,"Max":0.04289240762591362}
{"Index":71,"Min":0.0459786094725132,"Max":0.049978610128164291}
{"Index":72,"Min":0.051050860434770584,"Max":0.054050859063863754}
{"Index":73,"Min":0.045962847769260406,"Max":0.048962850123643875}
{"Index":74,"Min":0.038984347134828568,"Max":0.040984347462654114}
{"Index":75,"Min":0.016343310475349426,"Max":0.02034330926835537}
{"Index":76,"Min":0.016962587833404541,"Max":0.020962588489055634}
{"Index":77,"Min":0.020393950864672661,"Max":0.022393951192498207}
